{
  "splits": "70/15/15 train/val/test, seed 42",
  "datasets": [
    {
      "dataset": "diamond_star_synthetic",
      "n_total": 1000,
      "n_train": 700,
      "n_val": 150,
      "n_test": 150,
      "alphabet_size": 6,
      "sequence_length": 10,
      "models": {
        "hard": {
          "accuracy": 0.6,
          "precision": 0.6086956521739131,
          "recall": 0.56,
          "f1": 0.5833333333333334,
          "auc": 0.5918222222222222,
          "confusion_matrix": [
            [
              48,
              27
            ],
            [
              33,
              42
            ]
          ]
        },
        "softmax": {
          "accuracy": 0.41333333333333333,
          "precision": 0.4329896907216495,
          "recall": 0.56,
          "f1": 0.4883720930232558,
          "auc": 0.5161777777777778,
          "confusion_matrix": [
            [
              20,
              55
            ],
            [
              33,
              42
            ]
          ]
        },
        "logistic": {
          "accuracy": 0.94,
          "precision": 0.9230769230769231,
          "recall": 0.96,
          "f1": 0.9411764705882353,
          "auc": 0.9836444444444444,
          "confusion_matrix": [
            [
              69,
              6
            ],
            [
              3,
              72
            ]
          ]
        }
      },
      "significance_mcnemar": {
        "method": "McNemar chi-square (Yates), asymptotic p-value; same test examples",
        "pairs": {
          "hard_vs_softmax": {
            "n10": 28,
            "n01": 0,
            "discordant": 28,
            "chi2_stat": 26.035714285714285,
            "p_value_asymptotic": 1.6757981533038752e-07,
            "significant_05": true
          },
          "hard_vs_logistic": {
            "n10": 5,
            "n01": 56,
            "discordant": 61,
            "chi2_stat": 40.98360655737705,
            "p_value_asymptotic": 7.675573969152849e-11,
            "significant_05": true
          },
          "softmax_vs_logistic": {
            "n10": 5,
            "n01": 84,
            "discordant": 89,
            "chi2_stat": 68.35955056179775,
            "p_value_asymptotic": 6.812189206810544e-17,
            "significant_05": true
          }
        }
      }
    },
    {
      "dataset": "uci_poker_subsample_3000",
      "n_total": 3000,
      "n_train": 2100,
      "n_val": 450,
      "n_test": 450,
      "alphabet_size": 52,
      "sequence_length": 5,
      "models": {
        "hard": {
          "accuracy": 0.47555555555555556,
          "precision": 0.4566929133858268,
          "recall": 0.5420560747663551,
          "f1": 0.49572649572649574,
          "auc": 0.47076469190559167,
          "confusion_matrix": [
            [
              98,
              138
            ],
            [
              98,
              116
            ]
          ]
        },
        "softmax": {
          "accuracy": 0.4666666666666667,
          "precision": 0.4434782608695652,
          "recall": 0.4766355140186916,
          "f1": 0.4594594594594595,
          "auc": 0.4655175827657215,
          "confusion_matrix": [
            [
              108,
              128
            ],
            [
              112,
              102
            ]
          ]
        },
        "logistic": {
          "accuracy": 0.5133333333333333,
          "precision": 0.48878923766816146,
          "recall": 0.5093457943925234,
          "f1": 0.4988558352402746,
          "auc": 0.48942658007286555,
          "confusion_matrix": [
            [
              122,
              114
            ],
            [
              105,
              109
            ]
          ]
        }
      },
      "significance_mcnemar": {
        "method": "McNemar chi-square (Yates), asymptotic p-value; same test examples",
        "pairs": {
          "hard_vs_softmax": {
            "n10": 19,
            "n01": 15,
            "discordant": 34,
            "chi2_stat": 0.2647058823529412,
            "p_value_asymptotic": 0.3034527136089754,
            "significant_05": false
          },
          "hard_vs_logistic": {
            "n10": 109,
            "n01": 126,
            "discordant": 235,
            "chi2_stat": 1.0893617021276596,
            "p_value_asymptotic": 0.1483063391521561,
            "significant_05": false
          },
          "softmax_vs_logistic": {
            "n10": 110,
            "n01": 131,
            "discordant": 241,
            "chi2_stat": 1.6597510373443984,
            "p_value_asymptotic": 0.0988184708231014,
            "significant_05": false
          }
        }
      }
    },
    {
      "dataset": "balanced_parentheses",
      "n_total": 2000,
      "n_train": 1400,
      "n_val": 300,
      "n_test": 300,
      "alphabet_size": 2,
      "sequence_length": 31,
      "models": {
        "hard": {
          "accuracy": 0.7233333333333334,
          "precision": 0.6294642857142857,
          "recall": 1.0,
          "f1": 0.7726027397260274,
          "auc": 0.7389937106918238,
          "confusion_matrix": [
            [
              76,
              83
            ],
            [
              0,
              141
            ]
          ]
        },
        "softmax": {
          "accuracy": 0.7233333333333334,
          "precision": 0.6294642857142857,
          "recall": 1.0,
          "f1": 0.7726027397260274,
          "auc": 0.8142646862036665,
          "confusion_matrix": [
            [
              76,
              83
            ],
            [
              0,
              141
            ]
          ]
        },
        "logistic": {
          "accuracy": 0.8133333333333334,
          "precision": 0.7428571428571429,
          "recall": 0.9219858156028369,
          "f1": 0.8227848101265823,
          "auc": 0.8883536286185825,
          "confusion_matrix": [
            [
              114,
              45
            ],
            [
              11,
              130
            ]
          ]
        }
      },
      "significance_mcnemar": {
        "method": "McNemar chi-square (Yates), asymptotic p-value; same test examples",
        "pairs": {
          "hard_vs_softmax": {
            "n10": 0,
            "n01": 0,
            "discordant": 0,
            "chi2_stat": 0.0,
            "p_value_asymptotic": 1.0,
            "significant_05": false
          },
          "hard_vs_logistic": {
            "n10": 11,
            "n01": 38,
            "discordant": 49,
            "chi2_stat": 13.795918367346939,
            "p_value_asymptotic": 0.00010188922978075536,
            "significant_05": true
          },
          "softmax_vs_logistic": {
            "n10": 11,
            "n01": 38,
            "discordant": 49,
            "chi2_stat": 13.795918367346939,
            "p_value_asymptotic": 0.00010188922978075536,
            "significant_05": true
          }
        }
      }
    }
  ]
}