{
  "dataset_dir": "generated_diamond_star",
  "formula_id": 1,
  "alphabet_size": 6,
  "sequence_length": 10,
  "splits": "70/15/15 train/val/test, seed 42",
  "epochs": 100,
  "readout": "begin-anchored (LLMsREs section 2): numpy trainer uses X[0,0]; torch SimplifiedTransformer uses X[:,0,0]",
  "results_by_layers": {
    "1": {
      "accuracy": 0.41333333333333333,
      "precision": 0.4329896907216495,
      "recall": 0.56,
      "f1": 0.4883720930232558,
      "auc": 0.5488,
      "confusion_matrix": [
        [
          20,
          55
        ],
        [
          33,
          42
        ]
      ],
      "y_pred": [
        1,
        1,
        1,
        1,
        1,
        1,
        0,
        1,
        1,
        1,
        0,
        1,
        1,
        0,
        0,
        1,
        1,
        1,
        0,
        1,
        0,
        1,
        0,
        1,
        1,
        1,
        1,
        0,
        1,
        1,
        1,
        1,
        0,
        1,
        1,
        0,
        0,
        1,
        0,
        1,
        1,
        1,
        0,
        1,
        1,
        0,
        1,
        0,
        0,
        1,
        1,
        0,
        1,
        1,
        1,
        1,
        1,
        1,
        0,
        1,
        1,
        0,
        1,
        1,
        1,
        0,
        0,
        1,
        0,
        0,
        0,
        1,
        0,
        0,
        0,
        0,
        1,
        1,
        1,
        1,
        0,
        1,
        1,
        1,
        1,
        1,
        1,
        0,
        1,
        0,
        1,
        0,
        1,
        0,
        1,
        1,
        0,
        1,
        1,
        1,
        1,
        1,
        0,
        1,
        1,
        1,
        0,
        1,
        0,
        1,
        0,
        0,
        1,
        1,
        1,
        1,
        1,
        0,
        0,
        0,
        0,
        0,
        1,
        1,
        1,
        1,
        1,
        1,
        1,
        0,
        1,
        1,
        1,
        1,
        1,
        1,
        0,
        1,
        1,
        0,
        0,
        0,
        0,
        1,
        1,
        1,
        0,
        0,
        0,
        1
      ]
    },
    "2": {
      "accuracy": 0.41333333333333333,
      "precision": 0.4329896907216495,
      "recall": 0.56,
      "f1": 0.4883720930232558,
      "auc": 0.5140444444444444,
      "confusion_matrix": [
        [
          20,
          55
        ],
        [
          33,
          42
        ]
      ],
      "y_pred": [
        1,
        1,
        1,
        1,
        1,
        1,
        0,
        1,
        1,
        1,
        0,
        1,
        1,
        0,
        0,
        1,
        1,
        1,
        0,
        1,
        0,
        1,
        0,
        1,
        1,
        1,
        1,
        0,
        1,
        1,
        1,
        1,
        0,
        1,
        1,
        0,
        0,
        1,
        0,
        1,
        1,
        1,
        0,
        1,
        1,
        0,
        1,
        0,
        0,
        1,
        1,
        0,
        1,
        1,
        1,
        1,
        1,
        1,
        0,
        1,
        1,
        0,
        1,
        1,
        1,
        0,
        0,
        1,
        0,
        0,
        0,
        1,
        0,
        0,
        0,
        0,
        1,
        1,
        1,
        1,
        0,
        1,
        1,
        1,
        1,
        1,
        1,
        0,
        1,
        0,
        1,
        0,
        1,
        0,
        1,
        1,
        0,
        1,
        1,
        1,
        1,
        1,
        0,
        1,
        1,
        1,
        0,
        1,
        0,
        1,
        0,
        0,
        1,
        1,
        1,
        1,
        1,
        0,
        0,
        0,
        0,
        0,
        1,
        1,
        1,
        1,
        1,
        1,
        1,
        0,
        1,
        1,
        1,
        1,
        1,
        1,
        0,
        1,
        1,
        0,
        0,
        0,
        0,
        1,
        1,
        1,
        0,
        0,
        0,
        1
      ]
    },
    "3": {
      "accuracy": 0.6,
      "precision": 0.6086956521739131,
      "recall": 0.56,
      "f1": 0.5833333333333334,
      "auc": 0.5918222222222222,
      "confusion_matrix": [
        [
          48,
          27
        ],
        [
          33,
          42
        ]
      ],
      "y_pred": [
        0,
        1,
        0,
        1,
        1,
        1,
        0,
        1,
        0,
        1,
        0,
        0,
        1,
        0,
        0,
        0,
        1,
        1,
        0,
        1,
        0,
        1,
        0,
        0,
        1,
        1,
        1,
        0,
        1,
        1,
        1,
        1,
        0,
        0,
        1,
        0,
        0,
        1,
        0,
        0,
        0,
        1,
        0,
        1,
        1,
        0,
        0,
        0,
        0,
        1,
        1,
        0,
        1,
        1,
        1,
        1,
        1,
        0,
        0,
        1,
        0,
        0,
        1,
        1,
        0,
        0,
        0,
        1,
        0,
        0,
        0,
        1,
        0,
        0,
        0,
        0,
        1,
        0,
        0,
        1,
        0,
        1,
        0,
        1,
        1,
        1,
        0,
        0,
        0,
        0,
        1,
        0,
        0,
        0,
        0,
        1,
        0,
        1,
        1,
        0,
        1,
        0,
        0,
        1,
        1,
        1,
        0,
        1,
        0,
        1,
        0,
        0,
        1,
        0,
        1,
        0,
        1,
        0,
        0,
        0,
        0,
        0,
        0,
        1,
        1,
        1,
        0,
        1,
        1,
        0,
        1,
        1,
        1,
        1,
        1,
        1,
        0,
        0,
        0,
        0,
        0,
        0,
        0,
        1,
        1,
        1,
        0,
        0,
        0,
        1
      ]
    }
  },
  "significance_mcnemar": {
    "method": "McNemar chi-square (Yates continuity), asymptotic p-value, same test split",
    "pairs": {
      "L1_vs_L2": {
        "n10": 0,
        "n01": 0,
        "discordant": 0,
        "chi2_stat": 0.0,
        "p_value_asymptotic": 1.0,
        "significant_05": false
      },
      "L2_vs_L3": {
        "n10": 0,
        "n01": 28,
        "discordant": 28,
        "chi2_stat": 26.035714285714285,
        "p_value_asymptotic": 1.6757981533038752e-07,
        "significant_05": true
      },
      "L1_vs_L3": {
        "n10": 0,
        "n01": 28,
        "discordant": 28,
        "chi2_stat": 26.035714285714285,
        "p_value_asymptotic": 1.6757981533038752e-07,
        "significant_05": true
      }
    }
  }
}