{
  "dataset_dir": "generated_until_single",
  "formula_id": 1,
  "alphabet_size": 6,
  "sequence_length": 10,
  "splits": "70/15/15 train/val/test, seed 42",
  "epochs": 100,
  "readout": "begin-anchored (LLMsREs section 2): numpy trainer uses X[0,0]; torch SimplifiedTransformer uses X[:,0,0]",
  "results_by_layers": {
    "1": {
      "accuracy": 0.5333333333333333,
      "precision": 0.5263157894736842,
      "recall": 0.6666666666666666,
      "f1": 0.5882352941176471,
      "auc": 0.6444444444444444,
      "confusion_matrix": [
        [
          30,
          45
        ],
        [
          25,
          50
        ]
      ],
      "y_pred": [
        1,
        0,
        0,
        1,
        1,
        1,
        1,
        0,
        0,
        0,
        0,
        1,
        1,
        0,
        1,
        0,
        1,
        1,
        1,
        0,
        1,
        1,
        0,
        0,
        0,
        0,
        0,
        1,
        1,
        0,
        1,
        0,
        1,
        0,
        0,
        1,
        1,
        1,
        1,
        0,
        1,
        1,
        1,
        1,
        1,
        1,
        0,
        1,
        1,
        1,
        1,
        1,
        1,
        1,
        0,
        1,
        1,
        0,
        1,
        1,
        1,
        1,
        1,
        0,
        1,
        1,
        1,
        1,
        0,
        1,
        0,
        1,
        1,
        1,
        1,
        0,
        0,
        1,
        0,
        1,
        1,
        1,
        1,
        1,
        0,
        1,
        1,
        1,
        1,
        1,
        0,
        1,
        0,
        0,
        1,
        1,
        1,
        1,
        1,
        0,
        0,
        0,
        1,
        0,
        0,
        1,
        0,
        1,
        0,
        1,
        1,
        1,
        0,
        1,
        1,
        0,
        0,
        1,
        0,
        0,
        1,
        1,
        1,
        1,
        1,
        1,
        1,
        1,
        0,
        0,
        0,
        1,
        0,
        1,
        1,
        1,
        0,
        0,
        1,
        0,
        0,
        0,
        1,
        1,
        0,
        1,
        1,
        1,
        1,
        0
      ]
    },
    "2": {
      "accuracy": 0.5333333333333333,
      "precision": 0.5263157894736842,
      "recall": 0.6666666666666666,
      "f1": 0.5882352941176471,
      "auc": 0.6306666666666667,
      "confusion_matrix": [
        [
          30,
          45
        ],
        [
          25,
          50
        ]
      ],
      "y_pred": [
        1,
        0,
        0,
        1,
        1,
        1,
        1,
        0,
        0,
        0,
        0,
        1,
        1,
        0,
        1,
        0,
        1,
        1,
        1,
        0,
        1,
        1,
        0,
        0,
        0,
        0,
        0,
        1,
        1,
        0,
        1,
        0,
        1,
        0,
        0,
        1,
        1,
        1,
        1,
        0,
        1,
        1,
        1,
        1,
        1,
        1,
        0,
        1,
        1,
        1,
        1,
        1,
        1,
        1,
        0,
        1,
        1,
        0,
        1,
        1,
        1,
        1,
        1,
        0,
        1,
        1,
        1,
        1,
        0,
        1,
        0,
        1,
        1,
        1,
        1,
        0,
        0,
        1,
        0,
        1,
        1,
        1,
        1,
        1,
        0,
        1,
        1,
        1,
        1,
        1,
        0,
        1,
        0,
        0,
        1,
        1,
        1,
        1,
        1,
        0,
        0,
        0,
        1,
        0,
        0,
        1,
        0,
        1,
        0,
        1,
        1,
        1,
        0,
        1,
        1,
        0,
        0,
        1,
        0,
        0,
        1,
        1,
        1,
        1,
        1,
        1,
        1,
        1,
        0,
        0,
        0,
        1,
        0,
        1,
        1,
        1,
        0,
        0,
        1,
        0,
        0,
        0,
        1,
        1,
        0,
        1,
        1,
        1,
        1,
        0
      ]
    },
    "3": {
      "accuracy": 0.6066666666666667,
      "precision": 1.0,
      "recall": 0.21333333333333335,
      "f1": 0.3516483516483517,
      "auc": 0.5494222222222221,
      "confusion_matrix": [
        [
          75,
          0
        ],
        [
          59,
          16
        ]
      ],
      "y_pred": [
        0,
        0,
        0,
        0,
        0,
        1,
        0,
        0,
        0,
        0,
        0,
        0,
        1,
        0,
        0,
        0,
        0,
        1,
        0,
        0,
        0,
        0,
        0,
        0,
        0,
        0,
        0,
        0,
        0,
        0,
        0,
        0,
        0,
        0,
        0,
        1,
        0,
        1,
        0,
        0,
        0,
        0,
        1,
        0,
        0,
        0,
        0,
        0,
        0,
        0,
        0,
        0,
        1,
        0,
        0,
        0,
        0,
        0,
        1,
        0,
        0,
        1,
        0,
        0,
        0,
        1,
        0,
        0,
        0,
        0,
        0,
        0,
        0,
        1,
        0,
        0,
        0,
        0,
        0,
        0,
        0,
        0,
        0,
        0,
        0,
        0,
        0,
        0,
        0,
        0,
        0,
        0,
        0,
        0,
        0,
        0,
        0,
        0,
        1,
        0,
        0,
        0,
        0,
        0,
        0,
        0,
        0,
        0,
        0,
        0,
        0,
        1,
        0,
        0,
        0,
        0,
        0,
        0,
        0,
        0,
        0,
        0,
        0,
        0,
        0,
        0,
        0,
        0,
        0,
        0,
        0,
        0,
        0,
        0,
        0,
        1,
        0,
        0,
        0,
        0,
        0,
        0,
        0,
        1,
        0,
        0,
        0,
        1,
        0,
        0
      ]
    }
  },
  "significance_mcnemar": {
    "method": "McNemar chi-square (Yates continuity), asymptotic p-value, same test split",
    "pairs": {
      "L1_vs_L2": {
        "n10": 0,
        "n01": 0,
        "discordant": 0,
        "chi2_stat": 0.0,
        "p_value_asymptotic": 1.0,
        "significant_05": false
      },
      "L2_vs_L3": {
        "n10": 34,
        "n01": 45,
        "discordant": 79,
        "chi2_stat": 1.2658227848101267,
        "p_value_asymptotic": 0.13027589390429367,
        "significant_05": false
      },
      "L1_vs_L3": {
        "n10": 34,
        "n01": 45,
        "discordant": 79,
        "chi2_stat": 1.2658227848101267,
        "p_value_asymptotic": 0.13027589390429367,
        "significant_05": false
      }
    }
  }
}