{
  "dataset_dir": "generated_diamond_star",
  "formula_id": 1,
  "alphabet_size": 6,
  "sequence_length": 10,
  "splits": "70/15/15 train/val/test, seed 42",
  "epochs": 100,
  "results_by_layers": {
    "1": {
      "accuracy": 0.41333333333333333,
      "precision": 0.4329896907216495,
      "recall": 0.56,
      "f1": 0.4883720930232558,
      "auc": 0.5488,
      "confusion_matrix": [
        [
          20,
          55
        ],
        [
          33,
          42
        ]
      ]
    },
    "2": {
      "accuracy": 0.41333333333333333,
      "precision": 0.4329896907216495,
      "recall": 0.56,
      "f1": 0.4883720930232558,
      "auc": 0.5140444444444444,
      "confusion_matrix": [
        [
          20,
          55
        ],
        [
          33,
          42
        ]
      ]
    },
    "3": {
      "accuracy": 0.6,
      "precision": 0.6086956521739131,
      "recall": 0.56,
      "f1": 0.5833333333333334,
      "auc": 0.5918222222222222,
      "confusion_matrix": [
        [
          48,
          27
        ],
        [
          33,
          42
        ]
      ]
    }
  }
}