{
  "logistic_regression": {
    "accuracy": 0.9925,
    "precision": 0.9853085210577864,
    "recall": 1.0,
    "f1": 0.9925999013320178,
    "auc": 0.9992139717029813,
    "confusion_matrix": [
      [
        979,
        15
      ],
      [
        0,
        1006
      ]
    ]
  },
  "transformer_hard": {
    "accuracy": 0.499,
    "precision": 0.6666666666666666,
    "recall": 0.007952286282306162,
    "f1": 0.015717092337917484,
    "auc": 0.37600653623530444,
    "confusion_matrix": [
      [
        990,
        4
      ],
      [
        998,
        8
      ]
    ]
  },
  "transformer_softmax": {
    "accuracy": 0.3385,
    "precision": 0.2738944365192582,
    "recall": 0.1908548707753479,
    "f1": 0.22495606326889278,
    "auc": 0.32691826905768606,
    "confusion_matrix": [
      [
        485,
        509
      ],
      [
        814,
        192
      ]
    ]
  }
}