{
  "logistic_regression": {
    "accuracy": 0.9713333333333334,
    "precision": 0.9599483204134367,
    "recall": 0.9841059602649007,
    "f1": 0.9718770438194899,
    "auc": 0.9904706875861149,
    "confusion_matrix": [
      [
        714,
        31
      ],
      [
        12,
        743
      ]
    ]
  },
  "transformer_hard": {
    "accuracy": 0.548,
    "precision": 0.5343443354148082,
    "recall": 0.7933774834437086,
    "f1": 0.6385927505330491,
    "auc": 0.534881550291124,
    "confusion_matrix": [
      [
        223,
        522
      ],
      [
        156,
        599
      ]
    ]
  },
  "transformer_softmax": {
    "accuracy": 0.5173333333333333,
    "precision": 0.5214384508990318,
    "recall": 0.49933774834437084,
    "f1": 0.510148849797023,
    "auc": 0.5246508733721499,
    "confusion_matrix": [
      [
        399,
        346
      ],
      [
        378,
        377
      ]
    ]
  }
}