{
  "logistic_regression": {
    "accuracy": 0.9913333333333333,
    "precision": 0.9830729166666666,
    "recall": 1.0,
    "f1": 0.9914642153644123,
    "auc": 0.9990524023289924,
    "confusion_matrix": [
      [
        732,
        13
      ],
      [
        0,
        755
      ]
    ]
  },
  "transformer_hard": {
    "accuracy": 0.49666666666666665,
    "precision": 0.0,
    "recall": 0.0,
    "f1": 0.0,
    "auc": 0.34960576025601137,
    "confusion_matrix": [
      [
        745,
        0
      ],
      [
        755,
        0
      ]
    ]
  },
  "transformer_softmax": {
    "accuracy": 0.33066666666666666,
    "precision": 0.2637571157495256,
    "recall": 0.18410596026490067,
    "f1": 0.21684867394695787,
    "auc": 0.3146628739055069,
    "confusion_matrix": [
      [
        357,
        388
      ],
      [
        616,
        139
      ]
    ]
  }
}