{
  "dataset_info": {
    "dataset": "generator_updated/dataset",
    "formula_id": 35,
    "alphabet_size": 50,
    "sequence_length": 20,
    "total_sequences": 10000,
    "train_samples": 7000,
    "val_samples": 1500,
    "test_samples": 1500
  },
  "results": {
    "accuracy": 0.8473333333333334,
    "precision": 0.8442408376963351,
    "recall": 0.8543046357615894,
    "f1": 0.8492429229756419,
    "auc": 0.9223094359749322,
    "confusion_matrix": [
      [
        626,
        119
      ],
      [
        110,
        645
      ]
    ]
  }
}