{
  "dataset_info": {
    "dataset": "generator_updated/dataset",
    "formula_id": 33,
    "alphabet_size": 33,
    "sequence_length": 5,
    "total_sequences": 10000,
    "train_samples": 8000,
    "test_samples": 2000,
    "epochs": 100
  },
  "results": {
    "accuracy": 0.3385,
    "precision": 0.2738944365192582,
    "recall": 0.1908548707753479,
    "f1": 0.22495606326889278,
    "auc": 0.32691826905768606,
    "confusion_matrix": [
      [
        485,
        509
      ],
      [
        814,
        192
      ]
    ]
  }
}