{
  "dataset_info": {
    "dataset": "generator_updated/dataset",
    "formula_id": 35,
    "alphabet_size": 50,
    "sequence_length": 20,
    "total_sequences": 10000,
    "train_samples": 7000,
    "val_samples": 1500,
    "test_samples": 1500,
    "epochs": 200
  },
  "results": {
    "accuracy": 0.5266666666666666,
    "precision": 0.529335071707953,
    "recall": 0.5377483443708609,
    "f1": 0.533508541392904,
    "auc": 0.5089675096670963,
    "confusion_matrix": [
      [
        384,
        361
      ],
      [
        349,
        406
      ]
    ]
  }
}