{
  "dataset_info": {
    "dataset": "generator_updated/dataset",
    "formula_id": 34,
    "alphabet_size": 50,
    "sequence_length": 10,
    "total_sequences": 10000,
    "train_samples": 7000,
    "val_samples": 1500,
    "test_samples": 1500,
    "epochs": 200
  },
  "results": {
    "accuracy": 0.548,
    "precision": 0.5343443354148082,
    "recall": 0.7933774834437086,
    "f1": 0.6385927505330491,
    "auc": 0.534881550291124,
    "confusion_matrix": [
      [
        223,
        522
      ],
      [
        156,
        599
      ]
    ]
  }
}