{
  "dataset_info": {
    "dataset": "generator_updated/dataset",
    "formula_id": 33,
    "alphabet_size": 33,
    "sequence_length": 5,
    "total_sequences": 10000,
    "train_samples": 7000,
    "test_samples": 1500,
    "epochs": 100
  },
  "results": {
    "accuracy": 0.33066666666666666,
    "precision": 0.2637571157495256,
    "recall": 0.18410596026490067,
    "f1": 0.21684867394695787,
    "auc": 0.3146628739055069,
    "confusion_matrix": [
      [
        357,
        388
      ],
      [
        616,
        139
      ]
    ]
  }
}