{
  "dataset_info": {
    "dataset": "generator_updated/dataset",
    "formula_id": 34,
    "alphabet_size": 50,
    "sequence_length": 10,
    "total_sequences": 10000,
    "train_samples": 7000,
    "val_samples": 1500,
    "test_samples": 1500,
    "epochs": 200
  },
  "results": {
    "accuracy": 0.5173333333333333,
    "precision": 0.5214384508990318,
    "recall": 0.49933774834437084,
    "f1": 0.510148849797023,
    "auc": 0.5246508733721499,
    "confusion_matrix": [
      [
        399,
        346
      ],
      [
        378,
        377
      ]
    ]
  }
}