{
  "dataset_info": {
    "num_formulas": 15,
    "total_sequences": 600,
    "train_samples": 480,
    "test_samples": 120,
    "alphabet": [
      "p1",
      "p2",
      "p3",
      "p4",
      "p5"
    ],
    "feature_size": 65,
    "sequence_length": 10
  },
  "metrics": {
    "accuracy": 0.5583333333333333,
    "precision": 0.6226415094339622,
    "recall": 0.5,
    "f1": 0.5546218487394958,
    "auc": 0.5645342312008979
  },
  "confusion_matrix": [
    [
      34,
      20
    ],
    [
      33,
      33
    ]
  ],
  "classification_report": {
    "0": {
      "precision": 0.5074626865671642,
      "recall": 0.6296296296296297,
      "f1-score": 0.5619834710743802,
      "support": 54.0
    },
    "1": {
      "precision": 0.6226415094339622,
      "recall": 0.5,
      "f1-score": 0.5546218487394958,
      "support": 66.0
    },
    "accuracy": 0.5583333333333333,
    "macro avg": {
      "precision": 0.5650520980005632,
      "recall": 0.5648148148148149,
      "f1-score": 0.5583026599069381,
      "support": 120.0
    },
    "weighted avg": {
      "precision": 0.5708110391439031,
      "recall": 0.5583333333333333,
      "f1-score": 0.5579345787901938,
      "support": 120.0
    }
  }
}